{
  "getOffers" : {
    "transaction" : "getOffers",
    "sampleCount" : 100,
    "errorCount" : 0,
    "errorPct" : 0.0,
    "meanResTime" : 2636.9499999999994,
    "medianResTime" : 2126.0,
    "minResTime" : 241.0,
    "maxResTime" : 9325.0,
    "pct1ResTime" : 6798.4,
    "pct2ResTime" : 8232.849999999999,
    "pct3ResTime" : 9322.47,
    "throughput" : 5.662514156285391,
    "receivedKBytesPerSec" : 24.928333805209512,
    "sentKBytesPerSec" : 27.10707460362401
  },
  "Total" : {
    "transaction" : "Total",
    "sampleCount" : 300,
    "errorCount" : 0,
    "errorPct" : 0.0,
    "meanResTime" : 1757.7233333333334,
    "medianResTime" : 1338.0,
    "minResTime" : 98.0,
    "maxResTime" : 9325.0,
    "pct1ResTime" : 3347.6000000000013,
    "pct2ResTime" : 5998.199999999994,
    "pct3ResTime" : 8695.280000000002,
    "throughput" : 16.98754246885617,
    "receivedKBytesPerSec" : 49.856667610419024,
    "sentKBytesPerSec" : 54.21414920724802
  },
  "getOffers-1" : {
    "transaction" : "getOffers-1",
    "sampleCount" : 100,
    "errorCount" : 0,
    "errorPct" : 0.0,
    "meanResTime" : 1128.0999999999997,
    "medianResTime" : 940.5,
    "minResTime" : 98.0,
    "maxResTime" : 5527.0,
    "pct1ResTime" : 1953.2,
    "pct2ResTime" : 2924.5499999999993,
    "pct3ResTime" : 5526.219999999999,
    "throughput" : 6.137981831573779,
    "receivedKBytesPerSec" : 25.510986987478514,
    "sentKBytesPerSec" : 0.9710479069481953
  },
  "getOffers-0" : {
    "transaction" : "getOffers-0",
    "sampleCount" : 100,
    "errorCount" : 0,
    "errorPct" : 0.0,
    "meanResTime" : 1508.12,
    "medianResTime" : 1132.5,
    "minResTime" : 131.0,
    "maxResTime" : 7378.0,
    "pct1ResTime" : 3112.3000000000006,
    "pct2ResTime" : 5287.2,
    "pct3ResTime" : 7377.169999999999,
    "throughput" : 5.704506560182544,
    "receivedKBytesPerSec" : 1.403843411294923,
    "sentKBytesPerSec" : 26.405626069594977
  }
}